{
	"double_a_art": {
		"h": 209.999997615814,
		"w": 309.999992847443,
		"x": 66.0000026226044,
		"y": 116.000003218651
	},
	"double_a_cost": {
		"h": 80.0000002980232,
		"w": 80.0000023841858,
		"x": 24.6666660904884,
		"y": 51.333335340023
	},
	"double_a_health": {
		"h": 105.333337187767,
		"w": 82.6666665077209,
		"x": 333.666663169861,
		"y": 188.999993801117
	},
	"double_a_power": {
		"h": 156.000000834465,
		"w": 64.6666640043259,
		"x": 26.666669100523,
		"y": 160.999995470047
	},
	"double_a_title": {
		"h": 30.0000007450581,
		"w": 229.999990463257,
		"x": 111.333332061768,
		"y": 80.6666669249535
	},
	"double_a_type": {
		"h": 20.0000000745058,
		"w": 150.000001192093,
		"x": 146.666671037674,
		"y": 112.000003457069
	},
	"double_b_art": {
		"h": 238.666672706604,
		"w": 313.333323001862,
		"x": 59.3333357572556,
		"y": 375.333321094513
	},
	"double_b_cost": {
		"h": 80.0000002980232,
		"w": 80.0000023841858,
		"x": 24.0000000596046,
		"y": 307.333325147629
	},
	"double_b_health": {
		"h": 106.666670441628,
		"w": 86.0000032186508,
		"x": 332.333331108093,
		"y": 459.000008106232
	},
	"double_b_power": {
		"h": 156.666667461395,
		"w": 71.9999969005585,
		"x": 27.9999995231628,
		"y": 425.666656494141
	},
	"double_b_title": {
		"h": 30.0000007450581,
		"w": 229.999990463257,
		"x": 117.333339452744,
		"y": 339.33332324028
	},
	"double_b_type": {
		"h": 20.0000000745058,
		"w": 149.999988079071,
		"x": 145.333338975906,
		"y": 370.66668510437
	}
}